{"strategy": "C", "time_taken": [5.200039595365524e-06, 2.500019036233425e-06, 2.300017513334751e-06, 2.500019036233425e-06, 3.100023604929447e-06, 2.200016751885414e-06, 2.499902620911598e-06, 5.599926225841045e-06, 4.900037311017513e-06, 4.200031980872154e-06, 5.500041879713535e-06, 7.3999399319291115e-06, 6.7999353632330894e-06, 1.1499971151351929e-05, 6.700051017105579e-06, 8.199946023523808e-06, 2.829998265951872e-05, 2.8700102120637894e-05, 7.120007649064064e-05, 3.85999446734786e-05, 0.00019730010535568, 0.00023369991686195135, 0.0008163000456988811, 0.0009425000753253698, 0.0018656000029295683, 0.003057299996726215], "array_sizes": [2, 3, 5, 8, 13, 21, 34, 55, 89, 144, 233, 377, 610, 987, 1597, 2584, 4181, 6765, 10946, 17711, 28657, 46368, 75025, 121393, 196418, 317811]}