{"strategy": "B", "time_taken": [4.900037311017513e-06, 2.500019036233425e-06, 2.600019797682762e-06, 3.200024366378784e-06, 3.400025889277458e-06, 4.600035026669502e-06, 6.00004568696022e-06, 1.0900082997977734e-05, 8.500064723193645e-06, 5.600042641162872e-06, 2.6099965907633305e-05, 3.600004129111767e-05, 9.720004163682461e-05, 0.00026320002507418394, 0.000506000011228025, 0.0009323999984189868, 0.0016839000163599849], "array_sizes": [4, 8, 16, 32, 64, 128, 256, 512, 1024, 2048, 4096, 8192, 16384, 32768, 65536, 131072, 262144]}